0.14031836955955643,0.42213689832592394,0.2382176047951449,0.24773061107257172,0.24562385428939115,0.5213721974293689,0.311578423818689,0.1941680074973881,0.33011614582561755,0.2241327881371755,0.46406235292628173,0.28106525638602486,0.2803162838781537,0.3432291377005925,0.3228997545946707,0.3862030065275908,0.4455464372768361,0.4978502041222326,0.41558855845993975,0.34942376969079747,0.33141572882098597,0.5321331185724938,0.1735798651145257
0.39501555221230134,0.5502862287007068,0.4796984859592505,0.4415375733162211,0.4237123987215719,0.3258339451073752,0.5047363382533663,0.30696144895965277,0.4565122338481545,0.36279750840776015,0.3399453987043128,0.18945916221989317,0.3595225239936728,0.42697395319383397,0.3392103865320472,0.33926608613671405,0.3385208460513725,0.5287612928872776,0.3499324199624273,0.4297051773808931,0.2727518181429367,0.32162876404850965,0.3981941785778898
0.3868393599218201,0.350697563165406,0.3306823019213721,0.29574842867684903,0.11292301624875387,0.23882669413054894,0.27459182301533247,0.35939717622689343,0.18768731051156456,0.3357974227357578,0.27206036746743023,0.38769509107912176,0.4912912240007845,0.5242545462217921,0.2222555408962736,0.42625273623410176,0.5565250170683814,0.38015912301059146,0.5358860510027421,0.507362444349673,0.37135655034302567,0.4862408927950163,0.26070984188069984
0.42652448189102543,0.5396978828733318,0.44030368847039436,0.42795979031345344,0.33528792730168483,0.2691115562764109,0.46496652129898197,0.5331350316914232,0.4462431996434578,0.39109207211928193,0.35166934256468546,0.3254411874911064,0.35426131883262835,0.5633862896680439,0.3747874317526321,0.3739353533205497,0.3262276184201196,0.28838224134958884,0.390095273599699,0.4193344141335514,0.2524430344132336,0.19862314507559142,0.49230009280408904
0.5611682583473512,0.48595268400676517,0.3017948534164875,0.21310995730850937,0.33525568171655024,0.37945911959201145,0.4959743519370535,0.3601743390419762,0.21869310483892665,0.35017529811323456,0.4042511837303298,0.37299047857631923,0.4080112817194366,0.40019832332879235,0.38383316904926484,0.41918731151180616,0.5619929965950023,0.2867383194135016,0.3479346143318985,0.29703887631259246,0.4200936124973477,0.47826545378927643,0.4769422923562834
0.3241074541305926,0.31142491043227455,0.2655018220016613,0.34384727736870657,0.26633994173010556,0.4257780700225878,0.4351509504856249,0.42095478074758275,0.3888340456183431,0.44650805214241396,0.26317812333032414,0.4250959926350637,0.40945440445842446,0.1931620122519373,0.48110775014549195,0.22277233979191782,0.23792486698116072,0.553066299550263,0.42857095586087296,0.45477368557396036,0.3258504269127044,0.3377340651875779,0.3645212952167845
0.3925510216854079,0.37549548972635055,0.4595460193323639,0.2663121530046071,0.39400988530989267,0.299661185456597,0.355168971307317,0.36244733580519944,0.37780167282100685,0.4584678755357274,0.42349094882767163,0.3421862187334466,0.4831098356793761,0.29688183975504745,0.4206825874128532,0.3633915347034334,0.259836484639761,0.2344870790471157,0.5202705360720756,0.24057332578722077,0.40090654803058084,0.24641257475378842,0.3895162533222834
0.39985517339757964,0.29264972299076397,0.3270342986469283,0.20804914103580802,0.3471949500135323,0.3879469630016937,0.3489647933996635,0.31057866449480054,0.34928547752028144,0.2469932902810824,0.3342261989848484,0.41228399362098106,0.3177269281713852,0.458480820840697,0.3942653596279261,0.2931465736884014,0.2656226871367097,0.3304110592111167,0.4694444797823052,0.4218479816283915,0.42480372636631925,0.42228079438434935,0.48576107011388897
0.3563071562019266,0.3815159937243108,0.47996839680886805,0.27999088851909476,0.31184132062436487,0.3887895408290158,0.5526936243126118,0.5581554841630652,0.3181843228677065,0.4723891368197844,0.44168261515341706,0.38664620027970603,0.2921643303081872,0.415640561470686,0.4760637348466536,0.4253897989144702,0.3536823360397124,0.2006519537556861,0.36408553502542534,0.3410954110807081,0.21374978812547912,0.5535251374802631,0.28118860245255123
0.2906310778257171,0.292622666576144,0.3189412756573467,0.30681799128715775,0.38485345884313255,0.4801946345539225,0.397342897892821,0.4143723651760601,0.34905914331296906,0.378342958619708,0.4276558244526468,0.4401787512653804,0.19416937669958584,0.32329438810079253,0.4826972833920148,0.3726581355892708,0.15294213872823423,0.5486404720212813,0.4579170942082181,0.36774185404930276,0.4993954921702982,0.34389826623523084,0.5569383131946846
0.41258947642370614,0.2608778477428949,0.4980986933965077,0.5962144070429675,0.5612985696127638,0.42205012251757074,0.4575100234730348,0.4854069968470907,0.33740761828764304,0.37364031433445655,0.5244325567288474,0.3740101862519401,0.3662841754985717,0.27934542482015057,0.6062630948252813,0.36214184095543817,0.4629980397332359,0.5012638729597935,0.40031293098228937,0.3630251207742577,0.20958497849382943,0.47662078253382056,0.3470424179866968
0.5747999292793893,0.5412389330869481,0.4352470991770767,0.25495497417819163,0.44253258863995787,0.4567705876109414,0.41082764457531645,0.44236860867643685,0.413864502465547,0.4461649540620451,0.30626705794404796,0.42208625328635263,0.43754880962754183,0.44354127510565927,0.46121210996826856,0.3749357968336854,0.39876846415991696,0.30155184383540173,0.38575753810292707,0.30276973624722125,0.4023046426419629,0.40178523379619757,0.19051613951188875
0.29178747561800383,0.3936545527196608,0.402179129531496,0.31820070607900636,0.5278616532298396,0.36129331760604017,0.5335958667813251,0.4747950492263983,0.43243804911250494,0.3421081504896161,0.4628295624462244,0.34663580725417714,0.28062761619748194,0.5129662647450653,0.4265366188411423,0.5236478762177332,0.5045222887491323,0.33532079795720215,0.3908567841564723,0.3739218025842447,0.3642162778050581,0.39794544800341286,0.40800831441270696
0.4065901988305872,0.2047949038536318,0.4447637120291038,0.3760484741260129,0.49416950398658344,0.28124972082863803,0.4317168318062277,0.4946944741485861,0.42634334965056225,0.5058610696329556,0.34248726979362437,0.3638951170143782,0.33799991122694917,0.32133215773211,0.41905159543632864,0.41328517829850375,0.4640157331453394,0.42781446340802215,0.48227095445392165,0.4748607943993289,0.4675286530350434,0.3034161016649171,0.21911330883327987
0.5549968399406147,0.45913305332914345,0.3147999403006876,0.2942566135254509,0.3931907769057295,0.5689415027174223,0.23045861444709437,0.46795515779209007,0.43526506795538183,0.4579782970671178,0.4300298145014183,0.49547625076247603,0.4590137453082501,0.47115424220991536,0.24663812641970173,0.32924835479573694,0.5402523116808986,0.4397737532907509,0.5640563393230791,0.37630509121470673,0.45218101274358985,0.4795901083089697,0.3310121815833142
0.32170579890291606,0.3686276912197207,0.45473890816050216,0.22559221245216451,0.29183661357830465,0.4136706954417924,0.3386055560710241,0.46978405044465493,0.3481585035344395,0.34336242029076586,0.41735553075027715,0.31843602486259637,0.5502588701691843,0.4360207818936959,0.3510702638752953,0.5978242875329874,0.5011293564170182,0.2913726548695321,0.3459428518990421,0.4357032291668657,0.3167972435777627,0.3083973774103635,0.31585432379483164
0.36565623634677336,0.4245904114756598,0.4810877009305302,0.36599662438293284,0.4900255781720497,0.2310666730827214,0.30918937301125693,0.47760348935794106,0.365818715556831,0.3206516118770028,0.49783724231022697,0.5206043046497167,0.5038379943730521,0.32100166702053784,0.3601010816144762,0.3564097846821662,0.3454287225388021,0.34869528136981404,0.2621226566112396,0.49258011793641127,0.5273511374089443,0.4577583850533301,0.3870831384855702
0.48453968226119276,0.537235876591391,0.38466635507730174,0.34795642915505287,0.35650300143906527,0.4068230597184179,0.3203028070033708,0.3882038115926475,0.34298925155686566,0.3809378098785348,0.4464729014493333,0.3195073294414474,0.44239200234186404,0.3821546160865937,0.351795900096274,0.47026999602866104,0.3168699341193685,0.5233766221732471,0.439317981968178,0.5242187358193529,0.5595886165234983,0.4953886190558512,0.34935594497440625
0.47655838067710365,0.47427868805431184,0.291689005683955,0.32485837041369664,0.3924796542859742,0.5027597915404782,0.6246190528941876,0.4682092271400153,0.46881566934339935,0.5055449942136536,0.46991022086861484,0.39151024030935916,0.39954768566217774,0.5138934239237973,0.4713226456574816,0.32804707393138743,0.29322174133893103,0.4471141430683488,0.32863514422298806,0.3102525140890363,0.4946888855095187,0.38910010379151116,0.43896355583093255
0.2632986249292077,0.4633173023485604,0.3110048320945076,0.4734056155936466,0.2674744438178919,0.5147116676604746,0.4374271219285868,0.41223592448413215,0.5054221252595322,0.49406720122723097,0.3832984844430541,0.4708966618690265,0.5224035014579487,0.3094191221420176,0.27943781573964527,0.2842390239224544,0.5663981698172271,0.5234486720600352,0.37308288949359797,0.3773601036691597,0.43320904916344205,0.18727498952293464,0.35733419027540486
0.44719529303235883,0.38045399801712715,0.40685843113364634,0.6557168192426759,0.42418810687849134,0.2647442144331661,0.5179962832644368,0.4774688993768006,0.4287976045822293,0.47224738050808485,0.31865160074706755,0.5215026670061047,0.6090233332267736,0.3839438819458239,0.3236018657032943,0.5184641155628132,0.49707190790774936,0.4192471135448919,0.20213827241889948,0.26341149776222506,0.5218228125927964,0.4510414969470929,0.4663581825723191
0.4197336289717105,0.4144372850379899,0.5106978204383599,0.248764316004712,0.3193438721019482,0.5524426032420776,0.3547024174422644,0.3822433764369163,0.5232024937068626,0.3082233360612453,0.3966982251132416,0.514492176229894,0.3811386173391861,0.44438448654646046,0.30623392470244365,0.31501068716077063,0.28576667839309283,0.44317601798412537,0.42683059389300554,0.20687431322824176,0.5651420639726323,0.2311824272077288,0.5571169957801593
0.3850448444248673,0.5884141420411944,0.5371258089591497,0.47492520058662446,0.5282746633598449,0.43625690799431066,0.5364560365431736,0.423582348043213,0.29269552830744666,0.4854969564749766,0.422314569867519,0.40449812586270695,0.37126573220060377,0.3431597174975609,0.5133104749407185,0.4359091059718672,0.5340318616937595,0.3903208918964314,0.37196446591959137,0.33179579948823545,0.459933268067649,0.6056637782083654,0.49799182245862367
0.4835958537463904,0.3666761571089316,0.39288165786183504,0.39814401946398326,0.30986144486754263,0.3188405361940262,0.544161636740485,0.5789462933852297,0.46777785085930584,0.40800912508583237,0.47130984618867033,0.5454644062483812,0.2702278123665397,0.37123274812718404,0.3109505395054413,0.3316627098929686,0.49435825091723834,0.588771072005396,0.4498692788066855,0.47693190770135685,0.458944164999215,0.4882597404345219,0.40173007675790084
0.3542438123590473,0.3914651066937525,0.3276987111373714,0.5563779347156185,0.20646947114134048,0.316371184608421,0.4736774421631647,0.5052559205657075,0.44290408014782073,0.4030451077055994,0.27991687843845,0.5181514604204301,0.47727954880084655,0.4011852337568428,0.3403449421453947,0.5531335700785032,0.31458896399431674,0.4672601873093597,0.5381411392375597,0.5337274086804588,0.5055775010215007,0.5094021751444173,0.25360521325627616
0.5904521344508492,0.42064222633348364,0.44463197381735314,0.411145214868312,0.6068202451032203,0.37610941243698914,0.3034972880198584,0.383628222525569,0.42363812401730966,0.3978085251666332,0.37469334637802193,0.41714449192658665,0.4315388921714838,0.49232602315462426,0.4128632963168016,0.4230570112637638,0.2895783305975102,0.4158916288538851,0.4513518047728928,0.3879878804303251,0.5278519365242967,0.5214072879874999,0.4832021494608815
0.4864712802374125,0.43285130360556306,0.47296044609513,0.4442860171371497,0.4355165725623855,0.5513209508272074,0.31732419424000946,0.32626469267579733,0.32721085671652617,0.3542890057282283,0.5221505660114713,0.5351259450053468,0.3728978759168111,0.45753543520272044,0.5299266701629537,0.5937582830386379,0.535674929047207,0.4470869833255903,0.4103453050760187,0.5053543434661151,0.4650951854654229,0.46559643783993676,0.5355665732588231
0.2862712778542986,0.5225691565967102,0.4719189845047712,0.4317419143800245,0.5135319400898463,0.32555729771413566,0.5790856141522339,0.4006228907717416,0.5247871718980783,0.4227746656537636,0.5481407850935526,0.5157814672912646,0.43661912202520037,0.6176059175481656,0.44331592988393,0.3361130149933246,0.39637365400029795,0.4715570454994633,0.22366011590869053,0.42694540259312386,0.47765727707354744,0.3934661717772334,0.3790945789989553
0.40182201600860146,0.37831530927682344,0.41042406291468797,0.5018176201769632,0.5283517486513453,0.23780407712479992,0.37630896937640496,0.41970032750680836,0.45985355933218264,0.463780868252396,0.5327317542789259,0.41624539716614184,0.567749091524452,0.39112225963751507,0.2365948314742063,0.21935378957055557,0.45104517281752543,0.23496817297458594,0.38917085770815035,0.49966035011809173,0.20931596047838,0.5051340995378342,0.39021994073627886
0.4593368893382232,0.4899557602879447,0.2658828165218413,0.3791324863325478,0.48771156516815567,0.31149395807107344,0.41998953464725447,0.28402249205570673,0.39021797334834923,0.27376921219395767,0.43757995111030984,0.4416307050046676,0.19640748997931629,0.4312446453648158,0.44347578436220075,0.5077115660984598,0.44018849916564334,0.5998193884744355,0.47166088050447724,0.49828878606196547,0.526844906049082,0.327443412893576,0.3462737682444613
0.5558151157971594,0.55044232886002,0.4793993180500591,0.2855789512040973,0.48006252358364493,0.33925632834269226,0.48479169091807783,0.4961196683152796,0.5226894061264151,0.25801612635591886,0.32327776458405416,0.28046053564847917,0.484892566672785,0.3603242616957845,0.531739150074121,0.5675360771082728,0.4116960587587197,0.4736958326483208,0.42997276116944944,0.38733465819031404,0.4783318732071203,0.4939356134009898,0.43291234075296814
0.4092314149274822,0.5060067922750866,0.3976076513645664,0.49973200107723126,0.5334044122684847,0.49211551777247203,0.43719418181659403,0.4183276714510757,0.3989412980622099,0.4813647770285811,0.5939780664219192,0.46009846783027186,0.5065350222824092,0.4718677231585794,0.37049048022615516,0.4304862376900544,0.3488090761939172,0.45399720676401567,0.3875905340714281,0.4216059082945312,0.4092064640361672,0.3488595257249624,0.3770150948098924
0.45199755562130245,0.45832165269839725,0.4649093433194558,0.510617942708672,0.47576831453725776,0.5448513361975421,0.6740248724179487,0.49390690714064805,0.5204430291777492,0.5748405964012534,0.3680260166474649,0.32532769754836216,0.3352825037554548,0.5626886099215254,0.3558102278124441,0.5491320000706985,0.33034566101592017,0.4773722369281127,0.35853036957843154,0.41339353797214545,0.3853596153172141,0.4325776391530223,0.3244089655425229
0.5685857487932628,0.5342309417464018,0.4722021501936204,0.34761233180914036,0.43988044663790016,0.4893692431997598,0.3998631029146891,0.49590323383591334,0.5828398340621451,0.4909818699209932,0.5457436527567477,0.29600009518392517,0.6027278770284298,0.4967463292109692,0.43931172779373656,0.23969298165967598,0.4360792857928393,0.6038481021074005,0.5456485459081141,0.32220739413113847,0.32484928086830805,0.4400547763205805,0.47578190399850684
0.6352831745232935,0.40888416357494073,0.4518507820742033,0.42627418203424516,0.47321523435687207,0.3398325974832826,0.4579859285770769,0.40491817449827955,0.5334554758873771,0.5818285318935269,0.38710050844036553,0.4632050687992162,0.4069009835664218,0.49199724727271826,0.42394476475873816,0.3079909636121527,0.49452886565118703,0.3419095522688652,0.48980631285801773,0.45343131684453886,0.49904217759027836,0.4733331113143354,0.4628723957503154
0.319862400730317,0.35203259946108323,0.36257226475361154,0.5586334110257154,0.5088134000278972,0.5463974078780548,0.5028418396780113,0.4158871422190996,0.3383348098226052,0.4942120476117826,0.6168300802991821,0.4863976888813688,0.42569278516712583,0.4259195949262407,0.3700235894192012,0.4414297920984516,0.32813434179244877,0.37893550409439103,0.6041181301422389,0.6436948754777839,0.5376953179772299,0.5226585036937587,0.5314672719215232
0.40592758049999983,0.20173535133895948,0.48202753577423574,0.4512637233859378,0.3449275055151074,0.46927252989764073,0.3206393918373756,0.5072180836198936,0.5757780088810271,0.685326942191395,0.5237973764072639,0.4759618703588634,0.4700712908496204,0.45279762812813573,0.46668322782684274,0.5132842509527141,0.4257105951088761,0.35957817626509386,0.5522150244101973,0.5325170318569693,0.5302966436166173,0.40878845781203343,0.6061247307473739
0.3056087396293849,0.44965956711552385,0.43266375881346797,0.38550791215505825,0.39585587758512747,0.5519883801844105,0.35637799781745666,0.4165843163694975,0.6315197103573145,0.4943575730234369,0.4777890626637649,0.3487295490418221,0.4101388172619437,0.564820260465406,0.46210686975442916,0.4589688627721674,0.48156220431622637,0.36049088180608224,0.3908178009596764,0.45768554295335623,0.38791228492676233,0.5547148655928452,0.42470653619389026
0.4873087652920344,0.40999233339253555,0.2848906474282504,0.42324467055457343,0.48998266068488905,0.4311020660424383,0.4728236832420352,0.4346504779945425,0.40144942914410325,0.43252356965818983,0.3925758989472276,0.4686460497970545,0.35262972995877706,0.4440496509765005,0.5842077503636608,0.2781380926020481,0.6204436449394898,0.5348527627791796,0.47253313782412,0.47491611454960525,0.5183706888862546,0.5177794834775407,0.5200154428722693
0.4390412307400949,0.5291895018494306,0.44310551437598217,0.6303142826109097,0.39060958062406803,0.6195771746472016,0.5565437034163101,0.44156511215355215,0.5513098051442226,0.4509504329940411,0.5412958666114771,0.4950987771555668,0.467314056490702,0.4340189369432742,0.43344053441011116,0.49077645564427996,0.5252762380881774,0.46059038692674714,0.4885172080751805,0.4457448793339349,0.532867092750147,0.4702646541117724,0.31353655507007333
0.5168435770711466,0.30081651395148656,0.2838213868252448,0.699429612205695,0.6275556194885585,0.520185760737341,0.49991141264583855,0.4254996760623131,0.44691157287698113,0.6078634688739217,0.5559635258615483,0.5824824544565586,0.4942427975145534,0.6436516296597316,0.46501443675936854,0.39989218328687737,0.4996054235042766,0.4347341526891462,0.46184732677793194,0.33697744088536663,0.5720197678419504,0.43947066277579155,0.4950607636240986
0.5054818662837939,0.7118126607791793,0.5358172894184515,0.5117365207304047,0.4911058173827053,0.49614789787418,0.5857037745213528,0.43563714114198054,0.32435862856221087,0.3060920662558158,0.5528002835550807,0.47390845161993606,0.49477365096039755,0.2949947057913093,0.6620927190532931,0.35301466783302776,0.3628310716232225,0.623155574308634,0.41304295896950693,0.508438680310925,0.30547447649023385,0.5148710059853322,0.5338124182970827
0.48776051414148963,0.48613121334479226,0.4467380845358056,0.3618586671244106,0.4920701961341828,0.6655555078646365,0.49894733655352796,0.3959228939373284,0.42639433125278325,0.43390228349128157,0.5342430949463232,0.5050630458760363,0.528382223424682,0.36857034612520834,0.2275741679852393,0.315401615055545,0.5054555115358362,0.3342329493449511,0.5479268550247532,0.49646394746397104,0.4320638953884488,0.30278292895734976,0.33813355190076894
0.49921719416654886,0.5929700076997728,0.3931191518549896,0.46995522807968576,0.47742701526119513,0.48735824436721303,0.5216293188969678,0.571234878335764,0.408296622216733,0.513654150779641,0.3370072615143264,0.40052583114817664,0.36000674399312316,0.6133465731710679,0.4573565556521131,0.6163396042682414,0.3666783772623079,0.3665006089306823,0.38584404396846034,0.4350612765647195,0.43605457194083413,0.5033070529054614,0.33398419071762275
0.5875624699104459,0.44029522507146307,0.591896271598398,0.5923379273400494,0.4078687398478763,0.5562217804555363,0.4182915219232036,0.5313790917908734,0.45187369350022694,0.654065199930167,0.6135563984056688,0.48880289536739563,0.46301848579991683,0.6641338024146913,0.4700797523190475,0.5133923804205304,0.6892641566537377,0.4958936670760358,0.5156224228776826,0.4866173525901877,0.6144243459337306,0.49060715110170083,0.5811769500085134
0.4640006552594723,0.5521419455971135,0.5036604216493905,0.4268817421589368,0.5842460691223589,0.6041726626902792,0.41495272107784303,0.45110276346204736,0.5058114601697599,0.5054414842253485,0.6300730031420088,0.6147605430964322,0.387180424184258,0.5213080531541656,0.5353992446357284,0.5432297551858212,0.6026027843886307,0.5893253314215684,0.5502400076174235,0.4342081408414455,0.4948382716888558,0.5503024836250158,0.5465903448670691
0.5884693889244039,0.5148123434460716,0.44229280250295766,0.4930659512690594,0.41673299539984576,0.4982827889727018,0.47682956292657225,0.23094503740019254,0.3894403170169953,0.3749949094568888,0.5613206166345377,0.35335976838302424,0.5252391499204689,0.6618879049185591,0.49481698488359416,0.48459169364631866,0.4630371105978246,0.41038982858593365,0.6069236359132499,0.5482440031318004,0.6647774211129983,0.44946763118079397,0.6148781774964117
0.4913646004612541,0.5686328400279554,0.42956084079295065,0.5100210235967245,0.4589050328979627,0.5300237468187525,0.40272206275486117,0.6606324333835089,0.4945439680873571,0.49937941912833156,0.5948456143991988,0.6918239491656971,0.46788256681694707,0.48819224673585015,0.47480077815379707,0.4806121956807164,0.3415343057656558,0.22576115335441624,0.3624065843030384,0.7002934067703059,0.5082801955609297,0.5592087561462409,0.6482908732276361
0.5222079439911562,0.5486255381892647,0.41225550093111546,0.5735544030521696,0.617809128613523,0.5467867051777834,0.5167049559085367,0.4926158017422151,0.42803616754167123,0.503930288321654,0.5847932621733661,0.5927197832509956,0.41586616946086036,0.4562926099672374,0.4894006284897892,0.5799711533689118,0.5731342531474513,0.2673856718597621,0.5471641946890105,0.4498453082367883,0.3285682673252014,0.4253736148942918,0.39472221677908687
0.5274078830126636,0.44810014480464133,0.42075609353443905,0.42059177975793055,0.4538093749347324,0.5966448168912066,0.7648603598864642,0.4922707208339334,0.5103336277451116,0.4055290950726315,0.6077596561683279,0.6030175697573799,0.45839585014227124,0.5044494063556609,0.5874551874205048,0.5176581218785119,0.5128512007713545,0.5190067609277301,0.46871293544758263,0.3340194222821321,0.3465706355122455,0.47563758444156223,0.4592549703017141
0.5525627202547361,0.42928145136997903,0.5168294294736909,0.4748756008455671,0.5414216611406686,0.4690866771992093,0.4977615787541369,0.45573423583243566,0.445192507168575,0.5323175252650465,0.6513278068091898,0.6635362404656873,0.4941275258845378,0.309251912046475,0.5128527664764019,0.5247356672444639,0.5044291806879914,0.3124153436256414,0.5613767016291414,0.4813354327539554,0.6586670862964068,0.46821715654723994,0.5197388212499552
0.3831282038248796,0.5641259072562866,0.5237351204373651,0.544576411716404,0.5325433547408619,0.5818200333957497,0.4368264569234208,0.5169731121491756,0.5526169253385402,0.5435254788437806,0.38450911126307796,0.441044444467319,0.466547438400176,0.388481552114449,0.640832896134407,0.6360187778001853,0.5604101963331877,0.4768836918177214,0.41090696093356144,0.5905585875243188,0.39803712002222935,0.42269329204818185,0.5850995598650973
0.5398722565085712,0.5938610303961128,0.5475375182570038,0.4861637678857993,0.5516108869477749,0.39903327604563404,0.3687619726680133,0.5830656849858006,0.4937230855183766,0.48522534648196525,0.3366893768682993,0.33475217758945436,0.5465841216614925,0.6536029157705067,0.36337920694150505,0.5764275432943291,0.41970787095447515,0.47207892463184653,0.5140316990923997,0.409959562080053,0.6326643529836379,0.5494741306513657,0.4537141423877795
0.6414612821288974,0.4150805416588017,0.5191068811084738,0.5211133023860974,0.5460182894147997,0.5807466862918413,0.3817753050199615,0.5643064099800789,0.4305177663848971,0.6539647854503564,0.6564640782755103,0.6140783966625206,0.6443864610638125,0.45005921050267683,0.5596429166789723,0.35081371224828833,0.47373080641319226,0.5192889226972219,0.40433281898415674,0.4614284756165297,0.5671467368716938,0.49828351295646334,0.6408606034170545
0.5343558858355972,0.4836359168767843,0.6475077916884472,0.4885173287893507,0.4680705973318739,0.38518458317913773,0.4244327675165385,0.5373379446492825,0.48610810242316466,0.5857650275336159,0.5482252075526267,0.5307733696416487,0.4420164239175491,0.4248139113605438,0.612510712849219,0.3652387879358583,0.531498492326633,0.5968415955156735,0.4079189421606903,0.5504138225922001,0.6747388119977662,0.6275399604113148,0.4595688774660992
0.48803901704318836,0.6202686063227806,0.4163958932620939,0.43334978302765503,0.4605875952754347,0.41487769239752137,0.5622511384931659,0.4948429740526458,0.4004927268765374,0.41142858202403504,0.5398233752267942,0.47353343576946577,0.4987211973959841,0.5304590015215236,0.44696173405111567,0.41387471625592537,0.4145609544993402,0.4290183520846972,0.5365157683112409,0.520643125539425,0.6029853047616114,0.44061261630041076,0.5417020974449565
0.6152094618604493,0.5535312898812779,0.4077762398048973,0.587867277708008,0.40455481054258724,0.4467936018867842,0.5495991131254444,0.6355558255867447,0.46770287694912666,0.5478367287485765,0.5396805334584297,0.618501403791523,0.5518530874443996,0.540266663804207,0.5263642054951599,0.5042206608432068,0.5277241990290501,0.6239733101234013,0.5107775104838314,0.5099061228345853,0.25718603063984835,0.44135114807437803,0.5830767080981106
0.5510971934153684,0.5330640328950509,0.6715837189964926,0.5468931744583186,0.5436153427690347,0.5693372679446009,0.5699371617073996,0.5759145220863762,0.45962030824435973,0.44447372475475605,0.5034610532802968,0.6240064149117609,0.4487614881645083,0.41214583470801996,0.4220597211096466,0.5558525082274336,0.5717545059414588,0.4709298349948874,0.5246126157033307,0.4841642811708751,0.5411513626920471,0.5144958951619286,0.42835946629747534
0.5399126663972423,0.39800886422735104,0.44622714379480305,0.3983777473294722,0.443564605244113,0.5089224139544173,0.4063576296693139,0.5047636890616122,0.5546794481451927,0.43966449408574737,0.6956259759248286,0.36171686713514994,0.4633287781987208,0.48547980719500516,0.532619376700178,0.5065734364600719,0.5764368128965212,0.5180612996344959,0.5661441962651129,0.471151074517506,0.6234239805497762,0.6701070329296458,0.36692794496389103
0.550046541838798,0.45738994630600827,0.6275440550963043,0.4377638539281847,0.6936681512763881,0.37187068355471115,0.49191536638489214,0.5733068584536644,0.5395946611051878,0.4377616699907442,0.597451040571436,0.5915793878942582,0.5296878604620983,0.45949586132670034,0.33653901383703533,0.5260010691963247,0.43502632503678484,0.3421484525516415,0.493404071953378,0.4144349509461943,0.5864474874291192,0.5166455002923438,0.44841058128306105
0.56074385222707,0.5433997003073766,0.48579859641625867,0.5375510677345908,0.43194594776950174,0.5191714308295974,0.4175264967992937,0.6672172219919611,0.5057560113210684,0.5589880784774525,0.4159518662010941,0.3879115404072843,0.4504961152312058,0.5326217632292142,0.5132040989559038,0.6538492292253834,0.692301255260717,0.5020705485468686,0.34203928492291685,0.6682325682507884,0.5951066871424884,0.46179255948124015,0.46459774222811845
0.6193076223248031,0.6097418245242381,0.4720840821419132,0.4520926759240721,0.48515207690546464,0.6047796194740704,0.43363981030943777,0.6025122628368277,0.6036914661924645,0.6246183752347788,0.5951995188669627,0.5898771379726278,0.5585099660571797,0.5329041138510228,0.5232534599896187,0.6377710577845025,0.5843815821772671,0.6617261652250719,0.3733472805892118,0.6000168192755106,0.5169253073260981,0.5957388381056955,0.671833595702585
0.4873371672138933,0.6977702405738132,0.606774508425306,0.5913225002057088,0.2808753836009913,0.39726616960898065,0.6938790455930818,0.5870575877323919,0.5917296104466675,0.5512935844221407,0.36510207815286694,0.6341655567022593,0.5975243748562475,0.39252565999675826,0.6124995138161288,0.7279295875413374,0.47985986903550115,0.5509434843276791,0.48902306758414715,0.5656302770294959,0.5983898994257976,0.4610601271530555,0.5492928450442801
0.6576857044075896,0.5071742619501245,0.5101679630240672,0.5324341054312749,0.5604088670329299,0.5896805958272934,0.567933085980034,0.543431233632204,0.5125503986184389,0.5589723993426705,0.46171856025620345,0.596267034899433,0.7058712102011693,0.6183996206132183,0.40666142785280196,0.5231584633161555,0.6067897800817041,0.4680878457444885,0.585138133924605,0.628323892972939,0.4433469576431354,0.4998333240702186,0.4420527728914002
0.547719121775871,0.6901138829684393,0.3772745210160581,0.3410437705553817,0.5061034277346139,0.5692808065620358,0.6608029640787589,0.5861214090477921,0.5009556206045305,0.5528333199387044,0.41310158784510737,0.6317775621069134,0.5935023870968166,0.4781776214603373,0.6265161354724829,0.6002153918805647,0.5785026691695566,0.5700999883450327,0.46068001597498004,0.47078537132262616,0.5772333374328577,0.5247622132455194,0.4985870306023745
0.3904885002649578,0.6098850912937576,0.4705028820798079,0.5117986196846765,0.3683316506325297,0.6367501104232794,0.6682372005575133,0.6810224743118731,0.48954288033091903,0.5906219432541525,0.5352911332382336,0.489547598318385,0.5353691832381341,0.5743073983565318,0.4923062018017966,0.35945847041029627,0.612774155830607,0.5396291665175457,0.5039479051795265,0.44695675868358786,0.5370383403282303,0.4791497595764033,0.45979790745404275
0.4500309891021072,0.5112010831904381,0.7569138779204045,0.43699130120236407,0.48321455295762106,0.5042685163233493,0.5481237592914685,0.5322221593772163,0.5897748901014989,0.4719398234540633,0.6588498645315869,0.5663012942379471,0.5445652395502693,0.7145900216268947,0.5645684122659446,0.5433154152173217,0.648308597466498,0.6402525608257442,0.6136713229488346,0.48143535670064425,0.4431989695974317,0.5493057746591736,0.6215207655201317
0.4791609262864149,0.6295762229553347,0.47995706028463725,0.6458423585851958,0.6742868814863024,0.5325326750295306,0.6052615836795324,0.571802990448287,0.5585513614156844,0.36924035373932834,0.609035394450372,0.5747548370284881,0.574521133419467,0.6252748250550554,0.5943447676586481,0.5266198739936988,0.6557583699204,0.5635426101791483,0.4680151328220601,0.39137382422422917,0.47852845840906805,0.731897482949055,0.537092292420557
0.5783691141911846,0.5111127792112229,0.3853196174996786,0.5652935870687814,0.6258114449970275,0.3627216257300978,0.48442519736774403,0.509553170247129,0.5947561495308633,0.49558848993008253,0.5106016715449151,0.5908204721811355,0.6089774535281267,0.4357627559989355,0.6522068838662162,0.5547081723817243,0.5495545729415836,0.6390488761738169,0.5595633367650052,0.569818088738643,0.5138311526093275,0.5468935258004778,0.4731670287960033
0.419706484410232,0.5477862969026605,0.5096169905084109,0.45713498595160684,0.5382260947432854,0.5503286197574607,0.6234804471870544,0.6944683939572747,0.6766508864208696,0.5074940102907882,0.5261331750299586,0.5352848187908616,0.5628713732163609,0.49380171001734413,0.5220971866939688,0.5136883136397226,0.5577558845644623,0.5796240592595102,0.5655637757227787,0.5652120286371827,0.6367709221389892,0.577725707256827,0.469628936726076
0.587338415219714,0.532386736323266,0.5262239296752173,0.5923092211872555,0.5257594633072,0.3774958668249052,0.46533571803469426,0.6775231023974085,0.48078672154916263,0.5206508434785692,0.365561444490752,0.5949690297922077,0.7909103346037603,0.5272325932860311,0.5696690828424096,0.5466524685504939,0.5160732595846711,0.611057252960955,0.5400905444681781,0.4327186607030553,0.6688556616344125,0.5406593343109142,0.6042903984052046
0.577105199524975,0.5537506575114298,0.4820568473270669,0.36149117830039845,0.655297651792429,0.4559822170073236,0.5736945659669243,0.5968819675886083,0.5353991755497713,0.4650350578119786,0.8361181838964793,0.6424050209927175,0.45893119380699565,0.5122418852880122,0.5233828963078634,0.5854096670933064,0.4324492384324895,0.5752906777529841,0.6268561051562367,0.5794167821616384,0.48998486879365344,0.4487406083322519,0.5236576757541747
0.6237801208931733,0.5528332859628299,0.4792381384602773,0.6935800160525046,0.48507465427564006,0.5667315578641906,0.7405621999097352,0.6948657318537734,0.6478413043859761,0.5660080567380605,0.5243601778352838,0.4472425242482924,0.6246178450834555,0.5830275144218725,0.511335488439629,0.5564745181683693,0.47809605287185053,0.5272440349670495,0.5268012435820232,0.5102752685583791,0.7541581920277939,0.6347336060828861,0.5215763790254189
0.377180031117656,0.7035754099915572,0.5698057062479638,0.5557079444504174,0.518279276260484,0.643893113413334,0.4805831988404838,0.5584698142305976,0.7167010596159129,0.7572605520412019,0.6958163553201484,0.5517787316230764,0.6728688101498023,0.5059558625114946,0.5931235031910612,0.5626533963210648,0.6394885028703632,0.48252276376449393,0.6700091153510787,0.4754863851795466,0.5581078748670096,0.3861128869086968,0.5829394301908718
0.5517499369895065,0.5253619643571096,0.6733177846769445,0.4328423486555376,0.5784395421920584,0.6249791793786583,0.4895643117215709,0.4008935637569992,0.5209312142579079,0.3453079489862062,0.5182829522707295,0.5912099826562748,0.3955899673326189,0.4760619103837307,0.7094394226438313,0.43728738741871687,0.6394029410014606,0.6168170708607716,0.4412860208855139,0.5351017645196474,0.5633748416967352,0.548952217905054,0.6812281480643991
0.5704693469728008,0.6907682673119331,0.3897960539744039,0.6827530536234511,0.45880384730907925,0.6570665827199511,0.6291280223244097,0.5470211376266084,0.40476112279306714,0.6342196944667391,0.5613315815082555,0.6322140803621398,0.5521267236933862,0.5716006161078468,0.6821055948012882,0.5304722194883889,0.4730472541607904,0.5465175629438784,0.6969431869100781,0.5676921625417161,0.5391218463057974,0.6428202220284269,0.6164774329081623
0.5351794516329734,0.5358917374435159,0.40540202710489687,0.4851377426264456,0.4635780877480957,0.5101784112240849,0.44625962950574405,0.6592407806078457,0.6649858506572397,0.7206784122282559,0.630799497882626,0.6861369712375368,0.47161431023511624,0.662964088745602,0.3426929321089051,0.44956762434631986,0.5898088154148361,0.5652435910161485,0.7417423395035325,0.7441607611877376,0.6677763627328422,0.5781224353887836,0.6485115412264844
0.5749170965955007,0.5935969410126136,0.4580403870399777,0.5431003135388963,0.6187790211516891,0.4055116829129472,0.5539924368811676,0.6510707515647631,0.50886745392804,0.4573511150997396,0.4959059573089699,0.4830013375583169,0.6753089953580675,0.35063775035258377,0.6477238378583183,0.6388740233347039,0.5044778041387779,0.5406925998252166,0.5281693835533219,0.6239763972556819,0.7690251641754771,0.4804624579679913,0.5869402834375537
0.5411075563665484,0.4645212370250297,0.5398713298405213,0.7294751052875352,0.42929101239307116,0.7308521358872362,0.6066136854435383,0.4935543305821232,0.44174092079242777,0.5822060958150932,0.5222189394759682,0.5606794628947199,0.6853943455265359,0.5446284653546078,0.4781282249333083,0.7160115156075737,0.5516478963663604,0.5458923298900952,0.569219977006821,0.5799661559830632,0.5260182127073423,0.5878616732677693,0.4912032271890467
0.6880273234638705,0.428840279885091,0.7860989315295243,0.6393332037861551,0.46952008972660547,0.6615949173398958,0.4082135237727478,0.6076179373659282,0.7827474495952667,0.6785875615688055,0.5207019537287594,0.7280179245462626,0.6270129105790686,0.5058020213742959,0.6192597947447734,0.5146036312294192,0.3700129496328571,0.47029051380161274,0.5796975494382736,0.5091763194658828,0.7640914370262376,0.6390414983742861,0.5938663478131601
0.559081794432566,0.5815867062531068,0.5417229374680749,0.643453490123992,0.6659991835234019,0.6625235376556133,0.7239993726690936,0.5381224605047354,0.5193894802416641,0.5184111142248621,0.4905872923428491,0.6656489014257794,0.5398545824385348,0.5272934770744725,0.4112594880723726,0.5663755995365983,0.5157738229524619,0.6814911497604709,0.5500517243318189,0.5846150928805398,0.5026120155812749,0.5955297287887403,0.5849433938724321
0.7729865111071469,0.6521648157935328,0.7291621407981246,0.5049220700683524,0.6682733209810138,0.6145709009212191,0.6696211349953792,0.4224567039952888,0.5546236101095691,0.6616115201207565,0.6938655120799603,0.6161557587308931,0.5998518281906678,0.6099479791353887,0.5778964783916828,0.6297175431213876,0.6034223042899736,0.6172833654217863,0.6667789103425439,0.44632004737233366,0.6568039497215619,0.7321128526562759,0.618448415428419
0.7150204692326539,0.5867438696244641,0.5711889775019704,0.5383516147890899,0.5961773876488144,0.6828206146861556,0.6477874938902719,0.6108871231693714,0.6314640715466427,0.7338362630000617,0.5007136672980944,0.7801394305090561,0.5063038725431677,0.6923226380720928,0.567550522975046,0.5783804381667836,0.41403015064847876,0.5245148733189986,0.5258136026341479,0.7028946807261227,0.6147113922673355,0.6617640798686873,0.6286139606488282
0.4428045501355642,0.6783817010267962,0.734738628793142,0.7042414948012644,0.4010056686206935,0.6863698815647442,0.5700972260048168,0.5907666488457097,0.7183035509541502,0.7179520949016247,0.6698260552098129,0.5060784070437447,0.5788665838057746,0.740720832109031,0.6267036001167292,0.5711278366992286,0.6630953087438347,0.6120560407173881,0.5186562639392203,0.5403415283365226,0.60100424996061,0.6495067984140542,0.4897610355905373
0.5307287513661186,0.521885518892611,0.6383288128349989,0.5572765824345914,0.7069839521881609,0.58446822613994,0.5004565167431625,0.548461805889624,0.5748914212143019,0.7151792526984142,0.4553816145915297,0.5299437092425289,0.6640222698631667,0.6667694312991534,0.628920195316277,0.7307822702711457,0.5704765530440936,0.5872673117946331,0.5881571572078222,0.6238430978635725,0.51868312413211,0.692519302259773,0.42346527233541376
0.5989045945213817,0.5320591495049907,0.5620040708513795,0.5027484996475506,0.5611208330106271,0.5559610990180671,0.6928902031516521,0.6574584490294756,0.5649143212256397,0.5407706749022009,0.6108272553753338,0.5152640734143633,0.6016684033610729,0.5304437934675759,0.615031213210404,0.6971004995882734,0.5616356065643514,0.6450745355916536,0.6497660186852151,0.7648921201854494,0.45931628018751186,0.7365415223772553,0.5571804414355683
0.5101170346441812,0.5492020139678139,0.5787208898283371,0.5919867426790643,0.5622754031539039,0.645773998366114,0.6216847944267799,0.5750549217496411,0.5822004866295747,0.6971599020279405,0.6723809142222258,0.5533819263074287,0.5526478544528957,0.5409350401347981,0.6474431066863504,0.6510033730314356,0.5587309852482105,0.6260983117922552,0.7246495936425795,0.784506013949836,0.5387820262230141,0.5456374888992814,0.5368763956327706
0.43827279173939265,0.5071093261794162,0.5403118595927888,0.6610648075469017,0.612917757966822,0.5855127190838506,0.6920660911870137,0.6096025940989409,0.489538059870074,0.7239932661759403,0.533196902161921,0.6689946162727661,0.6080359134169784,0.42706750090996143,0.5493724997890915,0.5494418300110907,0.6253156912237542,0.6988520486661953,0.516549777425349,0.7243296861495567,0.7978482575629665,0.7308530541722535,0.36410500585397493
0.4947759407724533,0.6985079507324784,0.6684537554392544,0.450853317859211,0.6062263214317128,0.5957540755582591,0.5151193900593503,0.7399514611532508,0.6202989618663146,0.6531636394467836,0.5792728798667561,0.6326479226012571,0.5056040896865756,0.6180895827618857,0.5389573152620912,0.563580367827208,0.6599680287256098,0.6265571243087387,0.6127523845692082,0.5661651274555404,0.5844302830077773,0.5168727537913068,0.7384878891429849
0.50417372294652,0.5735287791486597,0.5824748442847222,0.7315568847704274,0.6162147338042181,0.6515724459374905,0.6166057577270102,0.5220494575444626,0.668053369430348,0.6370193264873207,0.7039192447098205,0.5570046432930468,0.47210170471912155,0.6159748609580291,0.5875446603847174,0.7275041826469714,0.5064175009309131,0.7313463241761934,0.4303313977386361,0.7693565807857833,0.5930003583853203,0.5260164204543785,0.6846268799351976
0.3588364038845701,0.6220733375707626,0.7298047649293326,0.5498734505405821,0.7413333481361349,0.4655539334944585,0.6137496779501297,0.6417211735640538,0.703042302842734,0.4462636712943265,0.45400903302681783,0.6510165298870458,0.5759167020274831,0.42879329251063825,0.7437690862069287,0.582800240014367,0.6758425024668399,0.4626632443558733,0.7098961806155263,0.5868033134221884,0.6828500437253168,0.7944913837794736,0.5687321054682569
0.6121059537165335,0.5733842112267986,0.5672939101299901,0.5480297804283082,0.5363617547656018,0.4829815115276343,0.5492917314558896,0.6314667802116033,0.6447338755966452,0.7749852285496353,0.7025781021837729,0.7392957583879092,0.7100885997677733,0.4132116595451195,0.6561439966604917,0.5650313489429112,0.7381351515363175,0.6365781667629474,0.590503432378373,0.47177259015819895,0.727599582774659,0.7499316407689569,0.7375751053714288
0.5021666190179593,0.7019278421558145,0.6780140742789598,0.7822988534350467,0.5034291967230482,0.704564261900792,0.5070990097763569,0.6169070024875486,0.8498249733031351,0.40730662640679605,0.6123896104468799,0.6937578750082113,0.6036516436213324,0.5486818133205281,0.7155085059114654,0.6169677269442035,0.5324058415001076,0.667152728565183,0.6828960293006728,0.6933913917375778,0.5760121520682449,0.5633490129240551,0.6585232876018392
0.6772419976180637,0.6089363357193904,0.4858420272118208,0.6038535687632544,0.5555793250468283,0.5774531274086908,0.4435767240612387,0.5156208439237308,0.6979632965240437,0.6012262399773495,0.6650491506485918,0.44975965184932143,0.5303548160110502,0.559765362121307,0.6315355611613644,0.693595045438934,0.6541368293540883,0.7661236474830612,0.663889536773652,0.6027210552243556,0.5848049693395118,0.6144499937187972,0.7751841453389108
0.581941871260408,0.6114125748073657,0.7681628628828945,0.6957351410074841,0.6691234872726808,0.5622441835708293,0.5939671582769711,0.7130059405480745,0.6261625144892552,0.6079271744280821,0.678400679954464,0.7078093579959741,0.7650933272000588,0.6483504400181899,0.4352718281579865,0.45032273310733545,0.6210077836707457,0.6095557703147476,0.5804340293989889,0.4974451413480502,0.6772581358296565,0.6843809605859746,0.5906726316076392
0.6904295414257556,0.834218040832765,0.6840070280385426,0.5173151979775334,0.5515940297560221,0.5343068502441486,0.586266261342012,0.6317291655350449,0.522340827885319,0.5837695515233047,0.4881109310299162,0.5961817087554088,0.7913406898640029,0.6556169052333104,0.6964016217379314,0.8668173358518547,0.6704919736112663,0.6515503821227716,0.5848789447717411,0.6585030579658443,0.5291534991386254,0.6273617298735881,0.48094180605621484
0.5009922030262012,0.6235240077460529,0.6077609099139366,0.5631223111119905,0.5251974385063121,0.7454225682110521,0.5923686079763018,0.6449891952038187,0.6691401626855751,0.6527191874127797,0.6358392560591408,0.44193843558901463,0.5394787038904897,0.6302518125179897,0.7451685076223811,0.5071586428943512,0.769241923719561,0.6296466275822368,0.5580571555572915,0.5780157719468161,0.6465874853548631,0.628983053831523,0.5154863284150711
0.6169004822168168,0.6264185281288435,0.5874414704066505,0.6641469680867194,0.5139219275215764,0.5749778794288191,0.6712996440560833,0.6766359598499353,0.6828675655122182,0.6705648988755434,0.5322648310543001,0.6201761280554468,0.5861149561927564,0.6714749008288108,0.6382183866706671,0.5582923459726393,0.6748035909203237,0.5497600319927115,0.5985847207765845,0.7133897716373188,0.5568812653311775,0.42742547081286847,0.6069734985694041
0.6008418901525598,0.6635097701115028,0.5835622507831023,0.5932277803181201,0.877855550578571,0.5095246346185553,0.5754515992573325,0.5917647862448512,0.6544256485972171,0.5768337323106479,0.39944419307077117,0.7096103261875801,0.6463188347409882,0.5763055837233496,0.7164939640851573,0.6121047989373064,0.6713520124752115,0.6462637921427192,0.865915726755506,0.5746432905691776,0.8005376608583958,0.7793946919233274,0.6766004264484161
0.5800024809423674,0.6047035134080728,0.5189952103331464,0.6631848458102614,0.6609647381041117,0.41106154098204645,0.6245572172693179,0.5975707045755959,0.7200249036583445,0.5765387366432968,0.5942870519781264,0.4530869916987052,0.643956451606216,0.6042647839717554,0.6729268555603829,0.6544572956108112,0.6411001124802901,0.7703163441407497,0.5043681158553661,0.6964639627633498,0.7168734308172653,0.6647259285878436,0.6196672927741124
0.6487855305813524,0.6565320697046364,0.6310719740291874,0.5881445999312528,0.7518414971803814,0.5537978014871647,0.6902934089674192,0.6284058541623964,0.327400360621272,0.563928803781232,0.7037097120243557,0.7595942042938293,0.7803864246670216,0.5316871040636418,0.6569687387253004,0.7571088630099688,0.8130121267661177,0.6646853417545254,0.7533433953053941,0.720337862347988,0.7613126705004215,0.6002368449620878,0.7158879863490872
0.7142388713859801,0.6182084603185992,0.5827605261623886,0.5764959085743316,0.7273026175657542,0.45941285360496126,0.6670806173122343,0.6508179265965285,0.7915106904767765,0.5900741174524481,0.6750455416775779,0.6984434914241275,0.7388155352498892,0.4921459001802531,0.6684459327942097,0.6430214403733939,0.7082177340392237,0.7516125497599763,0.5318550919427644,0.7953252026240426,0.6107853345600424,0.7403183731060742,0.6246535366480314
0.5276258401695605,0.8098291208825728,0.6170897269719163,0.620387557594982,0.6757073223125732,0.6324501658480607,0.6043927463546391,0.5613843034772077,0.6100727772682311,0.6922828674058771,0.6575709713512178,0.48048039501617673,0.5002546854569712,0.6800197936919683,0.6446004233494433,0.6476436297047047,0.5847264787938605,0.5156654037931938,0.6795219470108679,0.745847170960382,0.7141666001205681,0.6439128765045671,0.6342632039502106
0.7916398579151543,0.7727479354555126,0.7688978157013874,0.6940086780228821,0.652860585765232,0.5694349191820657,0.5823424399931982,0.7372664088755091,0.6491355838967846,0.6766815076329362,0.5213851915900392,0.4563471928658753,0.6114668591676022,0.6809242631168092,0.5622188542315577,0.8266435743830282,0.564152244489978,0.5703620317819195,0.6188143005692155,0.5767506643640353,0.6705554794986462,0.5618520066718503,0.8119233243450327
0.7840945513539789,0.7598567470096766,0.5038878747851202,0.5944386329438555,0.6865041181017286,0.43194645217546035,0.5490078404071828,0.6778790603648497,0.5039421084102552,0.5189734515903535,0.3285915114047332,0.5235187663608603,0.566652655191104,0.5643919518455504,0.8003825565757818,0.6914984381066456,0.7749770575030352,0.7114935745341827,0.6609685640021097,0.6256095280457635,0.6835891106179285,0.66137162927956,0.7220069727935042
0.667831366707708,0.7206391500855294,0.6735827591285299,0.7344635469430315,0.6400715510337458,0.6256109170909472,0.6983726195321374,0.7131547085210249,0.6163285647925048,0.5701134510584913,0.6947612818926407,0.7454178462534314,0.7409332130955731,0.6633879455162467,0.7420538385483134,0.5523289140300743,0.7545480395366092,0.6378202299150698,0.7825075216749856,0.5470098652469007,0.6468923042081427,0.7128935795146071,0.7035959478563796
0.6605881649945416,0.6857106938469341,0.5441553346733145,0.6865612074394363,0.8510874815464952,0.5835529054392522,0.617245757242724,0.7312045395061055,0.6801774827787072,0.7163119217031628,0.6183834146060622,0.6044149336532558,0.6372017627886767,0.49113508493743413,0.7880485834245781,0.7689553191835595,0.4812355742460128,0.5879662903378334,0.8121824140680459,0.6072565068312181,0.7054256600396386,0.5392491319616556,0.7564297124652529
0.6358012164127256,0.7103502247355751,0.6908171266619427,0.598516905928122,0.5418412104353686,0.712323148908094,0.6101782719152375,0.576634580932245,0.7917440467883081,0.5255847522189121,0.7279542415447999,0.5324998641542694,0.6696647829281758,0.7216827324221583,0.6522269994408046,0.5165150740817777,0.5660622804341214,0.5754036021819307,0.789863319729372,0.7093940376232336,0.6153177830936901,0.6457427804489154,0.6276710605532281
0.7829540104633406,0.6979919229440642,0.6153299520600591,0.5789734510710612,0.8172460903224869,0.3466296289836824,0.7518508087063923,0.5375000655763575,0.8005847819614224,0.6466852268433437,0.696561979584992,0.6355507375615007,0.7250728552891333,0.6596649530409663,0.6807307192179787,0.9090317264155646,0.6574579665510342,0.6667517837860298,0.7724340770098926,0.7776054201122083,0.7714962102953187,0.5946312254081608,0.5627295937415587
0.7160913528366061,0.6090042980732236,0.6132451857732742,0.5927143417148565,0.6962828230301416,0.6848799692003562,0.6375216755812825,0.7214579220017064,0.6415071015471879,0.7124082014789797,0.5890124001800949,0.6874823274925687,0.6445926805418142,0.7022691695573576,0.6612123738573322,0.7173983126941818,0.6248160866445664,0.7575833044189195,0.6292967342181204,0.5785530487634671,0.7377837029329078,0.7649916508266718,0.6855224488781977
0.6592577741154813,0.848985282496202,0.6932953293667417,0.6271205302856064,0.4996658763596235,0.6616867427025429,0.7794579862650042,0.48633227085155495,0.7020182244943209,0.7048744318994129,0.6977246962914347,0.5959848755167487,0.7596953109050961,0.5763911235297706,0.5005008896837639,0.7427273090465619,0.7953896685499376,0.7398183526018324,0.7372655504489258,0.5632632584073642,0.7657487964927111,0.7136027272687269,0.8664969218846071
0.6408405708018539,0.7976954096285507,0.425220044550074,0.6466907496464301,0.5403868702303964,0.6484746363499666,0.49288246159086396,0.7391436825906413,0.5952445250004613,0.6522547659329562,0.6045705797747144,0.6843916826928441,0.8421595197264248,0.6511879695501588,0.6667668338138825,0.6143649617823576,0.639910132006216,0.6858101183194126,0.6814004072944545,0.6066077571264142,0.7385984363363267,0.5553274491248164,0.6320752943723481
0.6640784533308556,0.758034986913331,0.6024044203618427,0.8175980579717804,0.7949691699574071,0.6821947591346456,0.6812522302060513,0.6866883603340483,0.6160260704973844,0.7429745848548516,0.731895161011353,0.5812890214963803,0.7422085562801573,0.7573432971349775,0.5995268683491637,0.7334785561188213,0.5719124396522794,0.8609007390316044,0.7349360226933158,0.7085424648865198,0.6868100985498207,0.5240361415571315,0.802104522246046
0.5645054546583883,0.6005674410851799,0.6103092755954163,0.549373440402351,0.6334959076955139,0.7006157301044085,0.6532819737165122,0.7293573991801626,0.6419465378678127,0.6242610478720771,0.7959763919923649,0.7287156246419307,0.8339034570087265,0.5760799502075342,0.7375053321023979,0.8481461646735978,0.84291402732878,0.7007683828953118,0.8119981725223552,0.6482816204650412,0.7153159582694074,0.6578848800794945,0.6600161027864642
0.6133835773071958,0.5674683304420534,0.6365367930730824,0.7405512201559232,0.6700368917156587,0.5621224104276545,0.7349917117486005,0.608512868934541,0.8618413420126895,0.8787498944481851,0.664338309386524,0.6222091234194886,0.5546301812748319,0.8246051974073367,0.5895288105035458,0.6098036648868735,0.8403991178851609,0.6908410050272206,0.6238303416884412,0.6412203689562355,0.6932987754425067,0.7531366211815528,0.3650961951485589
0.6989468104052654,0.7325028645432187,0.5537590653613463,0.6267883102390084,0.49825401003715764,0.5574371373981585,0.6807583470256918,0.748502782186183,0.783547524872838,0.7556172278698791,0.7275490077412556,0.7618023225602057,0.5492378102320922,0.7265165382366763,0.648496296261891,0.5965884343107725,0.7472482701824116,0.8707269737846576,0.7236341093028558,0.6079291511564674,0.5893527737300845,0.5224513844604729,0.674030892011432
0.6172826138668737,0.5429340633164048,0.615392128154775,0.6890564613703133,0.8262927829110366,0.7166219114785095,0.5411307405087432,0.7508564609052875,0.6666403117751569,0.6660843827798631,0.6497164285640822,0.5859915347428504,0.6175021878695411,0.7276924804842287,0.7806030961816809,0.7960135590505348,0.7959528999326999,0.7445287642459543,0.7755314265670397,0.5973365858816422,0.5910341653371478,0.7576688378327929,0.6768161209990471
0.6107135853333653,0.7310191640334204,0.5787355557866729,0.6856086459477987,0.7601082538199965,0.623559872217154,0.5737501206281941,0.7203675377706353,0.598885479220434,0.7582368530956213,0.6095627853372182,0.7264856832776259,0.5470422364123814,0.7789990964403967,0.627615136889275,0.5747908447781429,0.5367230574114078,0.7184034489492673,0.5114472098519953,0.5406088603440322,0.6684363315544108,0.6391882692694192,0.8403186254490765
0.6598170821747188,0.6370142495000576,0.7755725749324489,0.7676052488097301,0.8089954512468888,0.6343669607563576,0.7185822310532703,0.5699292191774771,0.7375476959161678,0.6871905571974708,0.6776973837715621,0.8103949923949886,0.643702843015283,0.7242710167904293,0.6324429890860055,0.8029190638936623,0.6350639409039676,0.6629201865429059,0.7826744329000905,0.6006859749497838,0.7436790500147963,0.6598068517371125,0.720590834577122
0.6338633814347875,0.5865286061501165,0.8077391863939716,0.6996688746770411,0.680392060698099,0.6657979847267983,0.5366713342161369,0.6943086609250677,0.6706002236971024,0.933783418527216,0.783717822066853,0.6151019872399804,0.6780834295757687,0.7255433458426715,0.5678092400722569,0.7237808731644174,0.7130120896610613,0.6334010225233553,0.6802904651034336,0.5705661594528592,0.6529852544456655,0.6960737932952953,0.6532514939267945
0.7133591148425792,0.7168364138490171,0.6178342445261115,0.7067118108678654,0.6641006795537232,0.8230323044208411,0.9165374654059957,0.5974574577192616,0.6421295047626746,0.5393854981070393,0.7542250280386295,0.8210939472598329,0.664624584272325,0.7443547356833309,0.6724009918378592,0.6890942185755388,0.7941639807305395,0.6105460321994551,0.6423679027644752,0.7192598153875688,0.6477209817698742,0.593593829480062,0.5013975670099202
0.6554937734845286,0.7299342580596099,0.65829718788173,0.5559567966519732,0.6704695706095194,0.8250529357380366,0.6538855757678068,0.6999007855368617,0.6524389951517703,0.5792913030179359,0.6840677519122602,0.7403985906793994,0.6326239442217457,0.647813760869228,0.6470445317018115,0.6756071213717478,0.6429946229009409,0.6572979266353153,0.7815369389446073,0.6176998412376694,0.6894038383320528,0.7228170644716349,0.6394300498783151
0.6686726618767793,0.7757850962761114,0.8532339404862995,0.8434234175021985,0.6534914444359368,0.7890911495813214,0.6264758288624983,0.4431564015187463,0.7729577383848458,0.697500568579101,0.6466450410089815,0.7029247605415778,0.7567638669701053,0.640276580667219,0.6414171811715865,0.8757772947751296,0.6419120642896458,0.627442742813996,0.7327152795127386,0.8026956549235896,0.5869556793728591,0.6933410518113228,0.7357256339663613
0.7527049936199904,0.6427289624948669,0.598701181691928,0.803498308620381,0.6740139559689957,0.7989044549975287,0.7238444047426456,0.7459877240010563,0.7059177913496696,0.710475719987064,0.732901953321981,0.780813180088857,0.6541324061353027,0.7793033481073807,0.7142423770489463,0.6554363920955795,0.7289845437199542,0.6684396225010417,0.5815299955610244,0.7043074200309303,0.74187196399183,0.5569657055407238,0.6823909680644639
0.7126401445160193,0.5329579239120094,0.7468424452854652,0.5939952067171992,0.614391589865774,0.6094016577149578,0.795298400832796,0.6506090419779361,0.6828958782706535,0.7411419442073675,0.9324673112436687,0.8084759067281443,0.6370549449264622,0.427880273633823,0.6193692280038807,0.6182955150429321,0.5545920625762536,0.6368257391658753,0.6524687059642672,0.6373007432471444,0.7750638104627037,0.7327835939645365,0.8347177306431585
0.7435497726295828,0.6058811488344112,0.5179131151820645,0.7245654473886007,0.6318059365402596,0.762256336318809,0.7199552657684486,0.6793359360568711,0.8009475449255649,0.7011031632041859,0.715670702577517,0.6059083367083495,0.6662640334746642,0.5109367313265978,0.685735283424979,0.6304043062973751,0.68553054700751,0.5755353009999029,0.5738281717210408,0.6588302571782046,0.6254196492311482,0.6648765933887666,0.6008213660264005
0.701798253505716,0.8048537046284446,0.7215319127690724,0.7976596932015759,0.6117006091784173,0.6078108055283905,0.6615048819159285,0.7408352412760764,0.7577116552132451,0.5853485052532378,0.6173750812196419,0.7411860101726073,0.7930074191402877,0.7475047370853997,0.816405025449061,0.6543352066437016,0.689123820333621,0.8169337129310217,0.783101449637949,0.8439244911784637,0.7321856403577907,0.6102704733826162,0.8249395745803308
0.715707886261067,0.666092238658229,0.7240616816011848,0.5478221445834873,0.8877623605758114,0.6270270817451817,0.8853100212374824,0.6848616999504281,0.5930182793580986,0.7091347764270031,0.6523965503086948,0.7607120786911792,0.7114027446476071,0.601330726529941,0.8891394262204251,0.8786914137582578,0.6093521355760215,0.6179570522018972,0.7818387990751311,0.8058690706665569,0.8814429367811327,0.7011237035234391,0.6515840601682347
0.695623298492717,0.6109143861232892,0.7546491476455092,0.6821003814900185,0.7940363703785768,0.6163106984369019,0.8429213790567985,0.5896770309136248,0.7073628984391935,0.9101260119025781,0.6834675404967894,0.6610888775395434,0.8308740721529738,0.5677992513007138,0.7716384166788544,0.7429342643220752,0.8810322473745048,0.6991783021199167,0.6422090771458886,0.5701869931275997,0.6612785937353315,0.7321870628231,0.7705213293441804
0.6613905669029138,0.6419957515634677,0.7647112712173979,0.7667725597366526,0.8219454125844499,0.8690857097764002,0.7674184740237021,0.7541851921441632,0.6453464933290229,0.5941410062584916,0.6041893708154364,0.6539849719985545,0.7083669763888173,0.7122477203208551,0.7128268714015585,0.7423429651199763,0.6295810106654273,0.5873310648650742,0.7976694927261859,0.5789128044485444,0.6286574582843742,0.6980916283398457,0.7026293704190968
0.7226264402924822,0.8491522698766343,0.8520294373643359,0.7072670155269766,0.8491397186858093,0.6915974609380494,0.6723622269638425,0.7229066183829508,0.6076348845045557,0.8383617861894744,0.8398991604101994,0.70422044355877,0.7066808459821312,0.7504191681655555,0.6944594228724329,0.5036388945963124,0.6689964479000515,0.596027538447391,0.6109465498711484,0.7709615133579699,0.6791220637428579,0.7714147060968546,0.9056084829999317
0.7920332681362162,0.851498284620075,0.6322159419435819,0.6856402754869484,0.6544741623822143,0.8052180229112992,0.6883335853622657,0.7892004641317711,0.5338370920050881,0.7371323502132845,0.5589894068549424,0.7478822947036338,0.7436607231348297,0.6452233017777167,0.72314040822735,0.8211105917129504,0.7342214011874753,0.7053288518379163,0.7556295504715339,0.7083365723105761,0.6875867256352752,0.8871948935902074,0.6643536302294054
0.7432579251934132,0.6516840296142743,0.9301354028692327,0.8037387236193108,0.79654652098443,0.8111869081624928,0.7680870266851247,0.6751061892719477,0.5070265549972706,0.862921932966996,0.8256042435716888,0.7619492661377656,0.7653892955962742,0.8197660714024021,0.6557377868779535,0.555821069887186,0.6555131751407877,0.6872621225165476,0.7567871619166312,0.893931862643277,0.5874136759372103,0.7221486054524733,0.8506175604766268
0.6870770066293993,0.7287692033248029,0.7222539136255387,0.758418074571762,0.7579510085320262,0.7251602570072326,0.7894640951012838,0.8720157177288221,0.848174267441379,0.5383122981172509,0.7991443933836848,0.7674721482684209,0.671744162724915,0.6936153824057403,0.792867229712843,0.8176739014048734,0.7465137228384807,0.724148376127171,0.7320670970974632,0.7323334117768578,0.8134742287112476,0.9323485433274338,0.883216232874599
0.6246524658531165,0.6210161203916051,0.6558476260217688,0.8348284732778797,0.8530170530733306,0.7023945564232832,0.6960759551427874,0.7945857476204413,0.6129675842734883,0.742625471281907,0.6751515024586298,0.6280567754002304,0.6637931757973992,0.7320301993946277,0.5437441674368858,0.7912452589886295,0.7099335922415442,0.7426979712194196,0.7422882952602581,0.4897834674410015,0.5976540581839661,0.6775317261685908,0.8760674244403245
0.652868662675366,0.761788854047072,0.7052433199244835,0.7447927518275256,0.7790905879407763,0.7474588861488217,0.4490907602141964,0.731648943955167,0.6952512279212295,0.8232011994425229,0.6950138160237155,0.6805118445192474,0.8433511885120611,0.6633211078462438,0.6648239782863608,0.8214482009699292,0.7603089741122834,0.7443215102657658,0.7282718406409062,0.7333607330953708,0.5411307578338674,0.9191491323091517,0.8317105747369901
0.6178693222775758,0.7777673686010597,0.8780907848177611,0.8121684151214612,0.6932770514544823,0.8541658495414725,0.7871174762853045,0.8105522257432677,0.825337388263038,0.7117861809772849,0.7220001331793283,0.6020842366949026,0.7169968325980852,0.8258439429574793,0.8168089740243091,0.5815027588146148,0.5992439504937894,0.6872731785044085,0.7602236666389682,0.6930203877636479,0.6696659284283119,0.664740533531574,0.9893940111654692
0.8472375621951708,0.8723498939778508,0.7505413089249653,0.6751721041953662,0.6953463675157262,0.7756770740803184,0.5294842175809261,0.6960187372105964,0.6767418558857644,0.8888780668060796,0.7585799756243939,0.7764140300205188,0.717810365783667,0.7239086883303684,0.6833694040260592,0.726212902488489,0.7235524572581787,0.4766873216264531,0.8686031470737788,0.7205649898597397,0.6184556575414342,0.7312520893637184,0.7751196533015376
0.735400528713378,0.7564689160782682,0.7568231452887446,0.8600244229404733,0.7266224467492731,0.7001240575157897,0.797503807236076,0.9196023480971373,0.9284111774862638,0.6947234676337379,0.7827678797213621,0.846660230520381,0.9070745541493505,0.7400699806444332,0.741218899493709,0.6595470679064144,0.7566977494657504,0.7643219502951315,0.8776572264013445,0.8802953777629252,0.754791242039948,0.6506275810950509,0.614564723830428
0.7562775272412526,0.7903133338455721,0.7975001864918456,0.737902751903074,0.5857394211642619,0.7868675251515296,0.8233276405519977,0.7871963367238318,0.7262280700906724,0.6677837313667102,0.5319455964989543,0.7003419301116687,0.6119568688628179,0.7280745234106558,0.7979147615042573,0.5794366250316156,0.7485683742738597,0.6221718011458537,0.7953271118500927,0.6813664476468211,0.895591131419587,0.7614950469597336,0.7449621980940158
0.8501539899529104,0.7471710222683982,0.8082464142758463,0.8176081634938878,0.6351446096975164,0.6876201945443491,0.8133135219690675,0.7249680180087867,0.6800098244700791,0.6505128951944353,0.6927388705554401,0.8598104337790293,0.7580846059052307,0.9288463256116245,0.7677276136801782,0.7896912704074476,0.7713650882061697,0.8696323155545749,0.8326646019829649,0.5176254656188836,0.6125694504565198,0.7386000525787466,0.7804617542081637
0.6036996715636547,0.5587994511461514,0.5909266225745728,0.7638092094754462,0.6777945634150977,0.7928430936126296,0.8130326151405206,0.821177476888242,0.6768146052941674,0.8375603716431913,0.729587472332972,0.8155891012620148,0.7864353384125464,0.8578662194579013,0.8911026676373243,0.7556314091831228,0.9085998658913051,0.7728303351350582,0.6880515245224764,0.6081468427098529,0.690881638481953,0.9658253435009256,0.971725540485443
0.6032348147012853,0.7858205697425842,0.7562810377408099,0.8476132963449575,0.6330410683168177,0.8431468079126883,0.7415573495039871,0.8429411650401104,0.763740601075392,0.7314123038954993,0.7876277399520927,0.8608656227194725,0.7402770350379243,0.8629476387021494,0.8811531368870427,0.8137827692060352,0.8038200329411552,0.7001598449088681,0.57609430268252,0.7377544804683097,0.8847749553650847,0.8223158050002599,0.814052753878747
0.7905290637514633,0.7820746492941668,0.6673902561878126,0.7937559305088865,0.7344602208625307,0.8911487390019089,0.6965735231855918,0.6861383521875536,0.8233095842149797,0.7034141197502412,0.5898076841731523,1.0155759045982853,0.7097247768590936,0.692951120600558,0.799869519706038,0.9643874660317735,0.8038340859980796,0.8190685097108251,0.8205172380398583,0.7271969172444438,0.8222702077683166,0.6991875667707586,0.7229646748364333
0.8007686595810347,0.6303541153121609,0.87117476014044,0.6907820822753085,0.6887531541746228,0.6252709704222287,0.6882740346914442,0.7584883444036868,0.91513308298885,0.7756438932681866,0.7353038869567249,0.7204729201890346,0.7258479535792329,0.717309266786225,0.77621571648654,0.7444567578062415,0.5874934332288272,0.7107098311914581,0.7709208655759333,0.7059449376818839,0.68426905202489,0.7077461543694004,0.7185931204907718
0.7624597394586387,0.9571853194964712,0.81111732914679,0.7330833270547329,0.6868572331630122,0.8593127100540542,0.8096106402183988,0.6933515189065507,0.862527217928149,0.8193421927133655,0.6702343921641968,0.6361535604375167,0.7144917322957661,0.7860370471109884,0.8253569647645602,0.7728354501224163,0.6855077965042089,0.7026005095144339,0.7764450237940469,0.6971030284739094,0.7304718602213346,0.6831991021088598,0.9597380816144994
0.7909850005121648,0.7811108786017147,0.7653651860130413,0.611289537871058,0.7046927925992607,0.7872166912242161,0.6765792888024267,0.8812950495592304,0.6968976903898934,0.8623424667150719,0.5162567178037821,0.6442563987493578,0.7259750937413817,0.795717240994753,0.8338423301958393,0.8699826834364315,0.6785172342314271,0.8780780630748185,0.718264853620388,0.7095956245833918,0.7673883108803725,0.6929130286071754,0.7923521262989758
0.8392193609444242,0.94387616725976,0.740491772169899,0.8629123940315399,0.8394887355600832,0.7906253495769757,0.7150071224677645,0.6733722313068502,0.8212771263285976,0.8167963504734927,0.8818925393010796,0.6409716453870996,0.6691532692091215,0.8337854375224629,0.6457878109997873,0.6939726605243168,0.7979381949675218,0.6389548676531028,0.9149683161809286,0.7245038996392694,0.8937890585596943,0.7894305749835449,0.6769841097368761
0.8396222365361908,0.6095600166630968,0.6870074832537336,0.8571967453255478,0.7082922991721613,0.8091389746221569,0.8166404803055691,0.9724379571335446,0.6316725065613245,0.7422179215909399,0.6370036092283844,0.8071454977435798,0.7926636424047155,0.7555555465611173,0.7913482712501082,0.8184759482192049,0.9585422108763894,0.8427170761188812,0.8072930728025043,0.7866982183630046,0.7109028587514935,0.7245949131063611,0.7508175523239721
0.7867514947707022,0.7018727724461826,0.7946639795892271,0.8062197399652459,0.8886328282534287,0.7567680132818776,0.7891346941381109,0.6294960998388206,0.8246118858542778,0.879418368233253,0.6180433316107443,0.8230151870870961,0.6490304742460741,0.7362003368379824,0.805369779734901,0.7606372367693436,0.8066593143165878,0.776180378079414,0.8367571185268695,0.8141761127195738,0.7866605792858831,1.045267979924419,0.6191004118029295
0.9058272473125734,0.7681868907359324,0.7132712731913138,0.8589075990752683,0.7246385628779588,0.7150885840774533,0.7766893593355042,0.6118151803617385,0.9036195559445367,0.7801319046708112,0.6988334835058843,0.7180444822137074,0.7571544426260687,0.7671746129007124,0.6724402835502856,0.8175144310892815,0.537427517430686,0.7681593824996459,0.8489552998343584,0.7323513739006575,0.8360881359537945,0.7373773166572823,0.7825203259119667
0.8469536754961455,0.6997834339176056,0.8596351314919694,0.7957065964797913,0.8028061838526405,0.8049040988147708,0.8007281323757935,0.7790221284665825,0.7697519139756676,0.673781092722804,0.7763573705030613,0.7075481837432602,0.7480710223146012,0.7836291754415404,0.6712194318420901,0.7960020986916213,0.6744570379243648,0.9507329730359972,0.7643465999463454,0.6847965926459841,0.7735189265441929,0.8131615997010458,0.9286711618100529
0.8334810272774729,0.6669440970082443,0.7947986621618297,0.8214718312912584,0.8759548283935763,0.6556889611802708,0.6800837141557345,0.6293088636684457,0.6656515865443431,0.8787466374503885,0.7153685610966204,0.7526803237419987,0.8498539878007143,0.743335037718002,0.7400103168502042,0.8459230394765245,0.7543535886076891,0.8633536782123641,0.719032320615665,0.9111930651548206,0.6555217118756782,0.7771295090649076,0.8214795423134468
0.7933109546241262,0.8243181842362044,0.8505904063530756,0.7690305649022415,0.7598641060197774,0.8157151029784963,0.8799838113792976,0.851418370243385,0.9812023560525418,0.9154523149808546,0.7701075433004299,0.7628061982074332,0.7225050961581682,0.7157709065757755,0.8304564238865288,0.7442049727229744,0.7239434887646701,0.891151513604358,0.7785853182100727,0.8153978817782238,0.7442039061089617,0.8391702894580618,0.6393353240105176
0.7152858847074196,0.6279277841463925,0.7836826347057996,0.8090998510215611,0.8451017917190767,0.8464398187924875,0.6636639835821199,0.696739291451806,0.8404727368644581,0.8359999975912789,0.6374488851408233,0.7991271657167779,0.8913163598844939,0.8467559573490162,0.751652573357111,0.7339109434163721,0.676620988325687,0.9284981684362648,0.8624703623843207,0.8471595322177484,0.7723989643042526,0.8660740984109455,0.7730547066919526
0.7530139114946706,0.6830032163509,0.7328654064294213,0.8978197836895548,1.0169610982561899,0.5545609990132426,0.8692524947347454,0.7217620764991962,0.7974320505753097,0.8697925489591246,0.8412666469767505,0.8008745099556837,0.8759951981508531,0.6674693943483978,0.6087901559510217,0.8779521518433699,0.8470004991040511,0.8135598504975102,0.8033896513703364,0.8056229028297571,0.8132267600561838,0.7019469571347338,0.8270842920920103
0.7582475011024331,0.7290845997023978,0.9199649974075573,0.7997836690684199,0.7044219089936143,0.6982550187713288,0.9244191464978254,0.7802107857227594,0.7924219063874101,0.8107809172557151,0.892037444565623,0.876894365037721,0.7440193280703457,0.9404755621326863,0.8462068897259534,0.7802380430315856,0.8399159501114412,0.7570178495718821,0.9266121921826139,0.6683638374278654,0.8015353587153164,0.8539094696377347,0.8774880944400006
0.8475293451546579,0.8542629632246135,0.7885192723299389,1.0260890338345707,0.6799722833203075,0.7767514157669616,0.8413029998087935,0.7839651675720613,0.7735309699354722,0.6870915314312308,0.8397925998214947,0.9596224820687855,0.7919687244521338,0.8419575099892707,0.864953325163713,0.7059793284033579,0.6775002152465894,0.8736318652334659,0.898625231894971,0.9305255467502732,0.8102367729596897,0.9488268908325683,0.9214538406032559
0.5979880603102746,0.9121202267795742,0.8126787503039601,0.8861458088088491,0.702165321562018,0.8142153833819652,0.8049438185503341,0.9089306509842181,0.699016858450782,0.8708881571810888,0.8935197991554161,0.744015088119196,0.7553075280188344,0.866139402936529,0.9162772775070197,0.7660093042754508,0.7348097929965213,0.9593752972231143,0.820679362918747,0.8317104271030786,0.8612374177018598,0.7167571436770597,0.8685840675225769
0.7918155895525388,0.7030828235549441,0.7425965999038365,0.8149837849854897,0.743586302414815,0.8128907395911528,0.9706531452240302,0.8696519595910558,0.8492116799838481,0.8741563790308338,0.9645873456206072,0.983275394803892,0.9888786284009597,0.9287573412305586,0.8447971678071428,0.8758106439682375,0.894540636158909,0.8709161046307067,0.9384685834932951,0.9988042632268005,0.8378195892076228,0.8949028554291061,0.8376922364928961
0.7597459706211231,0.6854754716775403,0.8057286030448513,0.9490185004792698,0.8598940325763978,0.8703825823694272,0.7396228311709697,0.8109352563759114,0.834471885452454,0.7073772662930421,0.8189824553875378,0.7222246545981416,0.6458507061478007,0.8102051307220564,0.9089533766694219,0.8485997542358287,0.8718526754279081,0.8168696066601832,0.9426079969144114,0.9321223434431929,0.733682085378709,0.6862651421209166,0.7579674144972302
0.785921863093396,0.8604775520053789,0.8539705633457103,0.8073716361080051,0.8483480349134231,0.7608654782204317,0.7462440979929618,0.8203185484671887,0.676005628920959,0.8706527966615486,1.0172777064987668,0.9221753306117001,0.8334792364353897,0.6779089920966422,0.786847217004956,0.6426898186238045,0.8485405406884704,0.7261866987579273,0.7574849003622045,0.8689209408758458,0.7384520101699433,0.8301167632855085,0.7922101218630675
0.7548164386102456,0.8409901392875057,0.8557628323126351,0.7926066134960503,0.8491133044715085,1.105360797637837,0.7799432963951741,0.8074961809004538,0.669394598807189,0.7766833242340863,0.8032234787437161,0.8779437951653004,0.8373841829603731,0.788094679744654,0.7971743589463861,0.8387814255519237,0.8517094566044163,0.8645266870546165,0.8357598140575216,0.8360483005612707,0.800082833541887,0.7608021317596183,0.8441295745156687
0.706266909090904,0.8367069059124211,0.7615169321239806,0.8040167859266102,0.8341240503284088,0.6477297839788146,0.8394824843614305,0.7980946412822006,0.7371542659767629,0.8702053475526693,0.5560836359032093,0.8620151014756959,0.9178692234117728,0.7580233435007329,0.8384811339915887,0.785754467416669,0.9030568592580844,0.7163081318680639,0.6695992944988746,0.7523555342686808,0.9484386273077625,0.7616004658478307,0.8657679208188451
0.836696433971526,0.8090862613016105,0.734120346849023,0.9470612427823933,0.970681931681707,0.9397508439905368,0.8532905143114322,0.7758868362589768,0.6828925089356407,0.8256747387339509,0.9111404552249237,0.6941569125381971,0.7646644345071772,0.8776744295440628,0.6489539480789148,0.8648226446803264,0.8361731941446876,0.9407655369085349,0.7805363280270303,0.798895217613006,0.8163114758882073,0.8581389748305013,0.788945376006895
0.8336179441837527,0.7185674941384831,0.9076057734768597,0.7385950316918406,0.8919462087703064,0.9771741184276692,1.0473268842633527,0.8471074970856527,0.9504083755255048,0.7274978862242051,0.7658509773600477,0.8898606305178597,0.9941838692908768,0.7598519084576438,0.7782539857356298,0.8729811195404714,0.7040202848184414,0.7753078609818073,0.7322752691820148,0.797583816809524,0.7399219184270314,0.8978990862197171,0.9480836634219753
0.9193578982458069,0.91966126681206,0.9394853778675929,0.7439968477709125,0.8847908017311419,0.7639436799507341,0.6995902972700502,0.8215466434850615,0.8678028219604236,0.7775676283467231,0.8042683166319115,0.8960984295121085,0.8915349642924509,0.7725913598496265,0.8181778233434431,0.9295899685184902,0.8968894337485955,1.022892841332718,0.8726897693417455,0.853429979176889,0.9417456750555696,0.8736017788049466,0.8065706134406633
0.8822244763486218,0.7852138729387206,0.8448185425528071,0.6621580955704599,0.8660500151780152,0.884553343605375,0.9181228110107766,0.7258912365339638,0.8100322861444805,0.8796198452259233,0.9028513056252525,0.815306379501643,0.873024546868148,0.8793738127623444,0.6638014515213987,0.814085996843977,0.9254525868567998,0.8452762381587923,0.8357969020783944,0.7291627831906367,0.9485356247539122,0.8144844922982444,0.8700974161865669
0.8019766540100757,0.9824795069742903,0.9540902145017249,0.7301108776102722,0.8217217153735411,0.6812292580276582,0.7734630704825114,0.7659678261301599,0.9268646764188795,0.8875868512768984,0.8113542585379305,0.9258156790494351,0.6903826632916744,0.8025080876343793,0.868716323813409,0.9096199388022427,0.6693468108505054,0.8326678026648914,0.7255155948086844,0.8116610015300634,0.7352940791394256,1.0110136946241972,0.685806146621018
0.9555273764405918,0.9767960712371659,0.8740821520549577,0.8283880619225203,0.8038313013281442,0.7679338629070794,0.8149798396980419,0.6560924202045779,0.9488487535849663,0.8349313058133724,0.89804132134095,1.0005096640627782,0.9195104728288461,0.771856567403996,0.8982949371666706,0.948892615095375,0.782625153254105,0.6962006575339952,0.9690038186722365,0.7011483551582276,0.7833000496322331,0.7042906850263222,0.7852569995471533
0.969214677342368,0.6407243731288015,0.7295261689862961,0.7544044516117394,0.8159374560411975,0.8231192086344337,0.8208166230511295,0.8915121571464116,0.8766106182172155,0.8374158748710567,1.0233941351670317,0.9890148459076854,0.9459513582222701,0.8455477791391459,0.7817159972765729,0.7681706675437358,0.6818569656944723,1.001442153340809,0.8016960110841428,0.814268937521683,0.6659704424556528,0.8975531583657231,0.8624476771755593
0.7785375116073852,0.7426582806931971,0.8004405273269921,1.018416604217419,0.812405756969651,0.9036055751280776,0.951773274863288,0.6504013993865376,0.8718956243538947,0.7984706376094398,0.9487409354964182,0.7892871891484398,0.6494322415740007,0.805427842260439,0.8582114464369754,0.899686440525398,0.7143051445063233,0.777683162430441,0.7324570008902639,0.7863851476929574,0.9211613115365845,0.7759285270063508,0.6896075742598117
0.815787447889814,0.8870529568759185,0.823679345958005,0.8217282228083143,0.7470617868765098,0.7589617797807743,0.7104813313287516,0.7788647381508469,0.8686864789182542,0.848095894453614,0.9038107536860902,0.8631599209613914,0.8769431320073788,0.6107588392458608,0.7414266600490784,0.9344998965087046,0.9554646740779869,0.7280299511774093,0.8614314670002449,0.7929227237304494,0.8106552038541096,0.8461863236426314,0.9500890912577432
0.9676524869804787,0.7886959067814335,0.7407542104161173,0.756254067030755,0.8603185451192611,0.9388926189868174,0.7513004998654459,0.9617547471856783,0.754001397530098,1.0629065670499027,0.7275580074090374,0.8509008447830999,0.9016037938281681,0.8650038540711158,0.9396210525564981,0.9032007812217137,0.8597708258510203,1.0223562194600737,0.7695515652428074,0.7183416810567562,0.8788857692530077,1.1001950362008692,0.669660321474311
0.693026328517528,0.7151639117311391,0.6714118180092293,0.7720820982148565,0.9285825889180362,0.8362147803762429,0.7845574296161988,0.8377656770002854,0.8778852152697303,0.8506692716965107,0.8051807742639113,0.8595982926773917,0.8084989742211024,0.9833145971031441,0.9401248673491209,0.9414686328232483,0.6511391079205323,0.974132245077851,0.8187489494490211,0.706914590551233,0.8026346149246504,0.8479636361611692,0.7822561744529889
0.7982732216838588,0.7311058038108094,0.9041414537962199,1.0467366718492312,0.9042284035806587,0.8897673109873324,0.8014446021422116,0.9490821300977086,0.8632013592689834,0.9573026753356447,0.8388525501965136,0.7970452369088463,0.8786298430924229,0.8034567475857105,0.9204806418298777,0.9558420951564293,1.0252852475811405,0.8805145001566537,0.8302356778736896,0.9638903703157713,0.8831459955923566,0.7550495237389164,0.8985926424003582
0.8809211241378164,0.8512083190153219,0.7502602843214291,0.8779759520023048,0.8728874417456612,0.9002117565783315,0.7944469061867118,0.7515586186310588,0.8525345600950796,1.0932197932706398,0.8555764257495035,0.8040970882027939,0.9441240041653844,1.0199761491907138,0.9301320611289094,0.738528936866221,0.8028142425898273,0.9985794246056159,0.9766957783623058,0.7789362643584978,0.8490847724067269,0.9880274187525346,0.9771395439104706
0.8935835545493894,0.9528757237584946,0.6672234045857428,0.6586438109543263,0.7521130494619902,0.7081273672020131,0.8810227819444398,0.8739080232743653,0.813823096532748,0.7447313922155397,0.919058665719841,0.7782357458545298,0.8217706024267978,0.8797303277852061,0.8756439846927521,0.8266100351814738,1.0493773068330605,0.8949161622853341,0.7073597794573686,0.68790406700343,0.8150795896155699,0.910062343848882,0.7700204793040594
1.020545763152527,0.9719160554932806,0.8399013837918589,0.7811470081143636,0.9113547851512138,0.804945720151413,0.966193261836545,0.7701622672224843,0.9306269245333907,0.9574186562036564,0.8071062824627134,0.7971968227055028,0.845588716491386,0.8251172327396189,0.9339564299485108,0.7796007820270517,0.67162741070815,0.7803215994620754,0.9200032773917585,0.7555706578909025,0.8827897547175916,0.895923134400472,0.9756268175808467
0.870464598120371,1.0421791516030159,0.9721493968036553,0.9512528570989477,1.0180009335638243,0.8717353998012662,0.836471415963451,1.0346715956790602,0.7470469903594016,0.8147389943356753,0.9079426195754746,0.8846077498462119,0.8181642665996843,0.6267384327398751,0.7660973106253159,0.8084528783509187,0.9301213204093208,0.8024919234841966,0.7836541470925186,0.7174701057632753,0.8253371516417015,0.7777409659292217,0.9626686844799082
0.8915882347058789,0.8290134618633662,0.8631122020836766,1.0193186094316085,0.8756136762844218,0.875665678597651,0.7587097823300717,0.8806917679711698,0.8647142692462494,0.8824084760701346,0.8688548155138811,0.9349158884343616,0.8276753371791451,0.8842570982276526,0.8300352922177936,0.8718128712437541,0.8856182573856497,0.7810274361470034,0.9130058370918944,0.7912518191617848,0.9218390077851879,0.9384496626511755,0.87364957839536
0.9475141450850415,0.8450602603137969,0.8338148549059741,0.7970536312141626,0.8695667278164854,1.0001120414811384,0.7616698291107937,0.9426942174857903,0.8962301506971506,0.9680866697501965,0.7500037998987026,0.8933329213841662,0.8582852084928972,0.8351984753575596,0.9499022654766911,1.0384804246244423,0.8230175844117021,0.9182659685107583,0.9526485229641615,0.9261152038961008,0.8952167616729803,0.8353546712341096,0.8951549780899142
0.7204070359744071,0.9407241815476062,0.8857162414755602,0.9983546649343835,0.9569744692007494,0.8238677526338346,0.8661130860236618,0.7229605142953698,0.9091598589325165,0.9232893702016621,1.026026312963571,0.8368632152285657,0.8560293129912732,0.8843791895069532,0.9597203059895218,0.9073255643413457,0.8446966862006253,1.0268670949128644,0.8984649128772375,0.7464693099117833,0.925872684580387,0.8336732322603274,0.7644976870140631
0.9170682530536669,0.6632584795158325,0.7428151344237695,0.9935184659280238,0.9055452099614515,1.0326832767268237,0.7589755603295667,0.7589907033178565,0.8633191673398656,0.7976216690066344,0.9803748217485071,0.6539153215738903,1.0074351790047773,0.883119892005918,0.8565909203826272,0.8046954447867357,1.0581250647540066,0.9988263216046036,0.8934270971627505,0.8934980562212118,0.8305499158947529,1.1091105602381555,0.739512011767064
0.7717569198131098,0.8302283506601944,0.7592690844826054,0.8819320513781814,0.9049233982133155,0.8152593828554661,0.7188506091667559,0.8180051284884229,0.8136879691301107,0.9655418970851293,1.089442976808472,0.8682285358919982,0.7981016779812751,0.8668907645262823,0.9092132412473456,0.8686122600863555,0.8547573605023749,0.8370312539883035,0.7582173008728582,0.7202810136890522,0.6871852126306521,0.7759716669464545,0.8681872427706298
0.8832629949207348,0.9406456985450357,0.9068314818562945,0.8306908987481041,0.9243760653636481,1.106114400671108,0.904873818148346,0.9145192107103535,0.8952250595632878,0.6835852176812047,0.9230579726939272,0.9221801952540086,1.0088684625021616,0.8875798920178805,0.831335850082707,0.7635835838594697,0.8299972830771452,0.8483958824927679,0.9920041433269637,1.0675112615828812,0.9890585821354128,0.825517455594712,0.8279327777296611
1.0163085988448353,1.0021207920363897,0.9234846153175232,0.8629987755899954,0.8887709067569225,0.9941796997699207,0.8485972890075683,0.7999835688744009,0.9090069372349148,0.9486803841383157,0.8488238448328743,1.000325774742098,0.8369985520135592,0.870567910960053,0.9755253158989997,0.9759790485465685,0.9083486658270902,0.9527065803715593,0.8244175341622798,0.8827338244552021,0.7548094362875871,0.8105751129971012,0.9304157752763521
0.9833076186972004,1.0285496030912162,0.8830511108882042,0.9760863254344094,0.8034543343211961,0.7350998554163358,0.7696346966842,0.7263317970922668,0.8567637211015047,0.7419454342333824,0.8866068382353952,0.9141318247981474,0.783896797039052,0.8653557065981478,0.9199859580744013,0.8069521122866461,0.9152022172672186,0.8376066620777209,0.8029536038517501,0.8927661065973922,1.1206447964915556,0.8067355907508389,0.7108119856853461
0.987793903515568,0.944237216490152,0.8552729548973723,0.8736289654554942,0.8644921623243585,0.7927020778936924,0.9743355260052065,0.7087432595938591,0.8728892746082834,1.0250823369924857,0.9381055410729487,0.7340001157980549,0.8222665838506269,0.947216765448439,0.9576418851024417,0.9169535801853178,0.8037488360716554,0.9303536736124258,1.0248609149316148,0.9518326189193145,0.8625777508123768,0.9136382565535612,0.7761595825494769
0.9309958665509657,0.9857672808037794,0.7962443094645688,0.8012846381663336,0.8177825227370589,0.9569688023697429,0.8774956382759025,0.8673496881887488,0.9538420036163144,0.9007207201861182,0.8070561114130849,0.8652891774155552,0.9036902408250113,0.8945904673686826,0.8113384763501884,0.7790915487561626,0.8729690805983551,0.9131827389864045,0.8764772679886271,0.8756349985715041,0.8588047496247834,0.8616068570727186,0.8230358145470547
0.8590133285524014,0.9068655133772583,0.957769274721668,1.0219685917969967,0.8989182624277096,0.8533827197379632,1.0157739886375716,0.902353909414806,1.0330566742662126,0.810178726836413,0.9760082482380681,0.7429843071560345,1.0298627994932341,1.0861404451968837,0.9169277479449143,0.8306567092477675,0.7631906800093232,1.074917527513694,1.041535117005507,0.8638342339869751,0.8333864669077918,0.8381383191934936,0.9066268268539825
1.0567153000213763,0.9741718934409388,0.8691091834823708,0.8792218835311665,0.6997047320259974,0.8760672501470105,0.923283799857323,0.8057285957463718,0.8954256007375014,0.8618264065783836,0.8062625401447099,0.7859011495790824,0.7693334567381215,0.7348847101630297,0.8814158084013087,0.7956446607237025,0.9326700854223592,0.8031204961789717,1.0061657207389654,0.882540092502956,0.7274429535789149,1.0734011664603906,0.9487424037108351
0.8637058633735614,0.8994766523231184,0.8866561471219832,0.7848822193045631,1.01449031000924,1.1118311556080116,0.8281833344743229,0.837130080921874,0.8904522396755278,0.9548504452587693,1.007949367402348,0.8322543594721282,1.012116533926997,0.7745757442427703,0.7925666770422396,0.7559369216085531,0.8474473380199086,0.8188401571536068,0.8978308150196487,1.000353550295516,0.9649857902551038,0.8788121730553325,0.7370587908435468
0.9355419473029812,0.7587788661133811,0.7680665333780321,0.9342679407838158,0.8439492849241612,0.7553238627533079,0.9223158104998371,0.8080740298576639,0.9217373203387732,1.0206220074889194,0.7800873296501112,0.9477497040126016,0.9527916465885309,0.7992897723674718,1.1361725479923213,0.7637401953754327,0.843012614506534,0.7398410046793668,0.8165105519259012,0.7363186898791308,0.8525178818211553,0.9778859033729307,1.0676825874917641
0.8394969930274864,0.9471276515823082,0.8271652931225069,0.964579690627386,0.7872313528518481,0.7254041423099729,0.8322199420461415,0.9533363169171812,0.9006024569275947,0.8500667326018387,0.870979062900841,1.0556520017222302,0.9178566301239292,0.8898361541390255,0.8659952868872163,0.9586273127120506,0.8406472535819464,0.8641911164681146,0.7687424893622367,0.8366081591907776,0.8392450412671958,1.006517305707202,0.8593775533723523
1.1459665325777455,0.9226553749029638,0.9967386106976331,0.9256577277786532,0.9268796167835145,0.8757230296970565,0.6780098601300365,0.9415218049803606,0.8919106873380918,0.7292894774218436,0.8288240288462932,0.9990523182429069,0.9707349215886911,0.9878475745701687,0.8841065032019727,0.7954044383970575,1.0002603186852954,0.9911621918894369,1.0379758086694915,0.755364158481732,0.7348187960123869,1.0687823605949847,0.9153206855077616
0.9868695454441723,0.9397340539136451,0.9291866178719337,1.0405984725347188,0.9193292258345851,0.8964270656040322,0.899337711436139,0.9937886040005948,0.9086070610576341,0.9376603923606176,0.8119954904084078,0.7950436868455707,0.8773721689869379,0.8447214341481474,1.0129334236067415,0.9785665224763092,0.8980629694848602,0.8583862205989063,0.7791142834389092,0.9013416321032834,0.7958878536129966,1.0707525872017611,0.8942164053675168
0.90853115851062,0.9269421420244437,0.9277935563140577,0.9449990382553135,0.8552948599128825,0.9218030594384807,0.7928387762936282,0.9606298373243021,0.9350351840348032,0.914727108003857,1.0386305538596106,1.1330638133370712,0.934016003355408,0.9925857058962403,1.0480392243276653,0.9190495399937191,0.8043005557409503,0.9111116287647689,1.0031691750122365,0.8528869584748758,0.729104051331521,0.8549646136192499,0.9054737851858692
3.7396694214876023,0.012396694214875093,2.376033057851239,5.285123966942148,1.9214876033057842,1.0123966942148752,4.921487603305784,3.2851239669421477,4.1033057851239665,1.0123966942148752,-1.3512396694214885,-2.078512396694216,0.103305785123966,0.6487603305785115,-2.2603305785123977,2.6487603305785115,-2.2603305785123977,-0.4421487603305795,-1.6239669421487612,-1.0785123966942158,1.7396694214876025,-1.7148760330578523,0.9090909090909092
-0.18181818181818182,1.2727272727272727,2.909090909090909,1.7272727272727273,0.36363636363636365,2.4545454545454546,0.5454545454545454,2.090909090909091,-1.5454545454545454,1.1818181818181819,-0.7272727272727273,-2.1818181818181817,-0.2727272727272727,5.363636363636364,2.1818181818181817,-1.1818181818181819,-0.4545454545454546,1.0909090909090908,2.090909090909091,-0.36363636363636365,-0.9664366239245175,0.8181818181818182,2.602800260288154
